id,title,desc,text,link,img,category
biz1,Kelly J. Bullis: Stopping fraud in your business,It's one of the oldest frustrations of every business owner. Employees stealing from you. It is frustrating and costly. The employees who commit the crime are ...,Kelly J. Bullis: Stopping fraud in your business It's one of the oldest frustrations of every business owner. Employees stealing from you. It is frustrating and costly. The employees who commit the crime are ...,news.google.com/./articles/CBMiWmh0dHBzOi8vd3d3Lm5ldmFkYWFwcGVhbC5jb20vbmV3cy8yMDIxL2Fwci8wMy9rZWxseS1qLWJ1bGxpcy1zdG9wcGluZy1mcmF1ZC15b3VyLWJ1c2luZXNzL9IBAA?hl=en-US&gl=US&ceid=US%3Aen,https://lh4.googleusercontent.com/proxy/0gDF4GFeLEg7uGhrEc68WF_oLfdwJASa01Igxn0c8pYgb4DMqXpccblZNRNu1VN9mYwVSpAk2fVSkS0yE0uC6_ygKCqT6kOK-xqz8Qu1YvBsGRj8dHktYtELB7dDTuS3mblVHtXH1dUOdkLCBjxB2BDeP_Nai6UE-f7XDSWsxz62V8AaCazojlAzTcUCbPT903_Yuq7GjsoK-5uh6Xxl7K2e=-p-df-h100-w100,business
biz2,Video Producer Focuses On Long Beach Small Businesses,"In 2020, life went online. Between 2019 and 2020, phone usage jumped from three hours to four hours per day, according to App Annie. For work and ...","Video Producer Focuses On Long Beach Small Businesses In 2020, life went online. Between 2019 and 2020, phone usage jumped from three hours to four hours per day, according to App Annie. For work and ...",news.google.com/./articles/CBMijgFodHRwczovL3d3dy5nYXpldHRlcy5jb20vbmV3cy9idXNpbmVzcy92aWRlby1wcm9kdWNlci1mb2N1c2VzLW9uLWxvbmctYmVhY2gtc21hbGwtYnVzaW5lc3Nlcy9hcnRpY2xlX2ExZGQwNmQyLTkwZmMtMTFlYi1iZmJmLTQ3ODUzZmVlYzgwNi5odG1s0gEA?hl=en-US&gl=US&ceid=US%3Aen,https://lh3.googleusercontent.com/proxy/wor7jfITiAdWMR9SCwOwWJtraJP-lgK42Vd_hBHsIt44OFdqH1JeWBBHU7FjIp1ndAs_zzeq16ZYXF77iGqoL5kua1vhNPdIvmNeCnoSrsfheGNO69XHENgkVlqXVmX2JiStJzgl1xgbEWSGfpjwpCiRdZi83Ljz1GBTWANg9PWdNHDr8sJuOpMX_eOnVQplWhBqwW6YVAV2a_MHedHl0upzLQsFMtUxrlNv1KvERXTiYs2knFcp2vqmML_z6RpqvyzLQvb4B71uQA=-p-df-h100-w100,business
biz3,Dominion's Tom Farrell dies one day after leaving chairmanship,"Thomas F. Farrell II, the longtime chairman, president and CEO of Dominion Energy Inc., died Friday, one day after ending his tenure as the Richmond-based ...","Dominion's Tom Farrell dies one day after leaving chairmanship Thomas F. Farrell II, the longtime chairman, president and CEO of Dominion Energy Inc., died Friday, one day after ending his tenure as the Richmond-based ...",news.google.com/./articles/CBMiX2h0dHBzOi8vd3d3LnZpcmdpbmlhYnVzaW5lc3MuY29tL2FydGljbGUvdG9tLWZhcnJlbGwtZGllcy1vbmUtZGF5LWFmdGVyLXJldGlyaW5nLWZyb20tZG9taW5pb24v0gEA?hl=en-US&gl=US&ceid=US%3Aen,https://lh5.googleusercontent.com/proxy/L5VqeKCGFa-p8QrsTk40bAC05zGW1_DEUke5B-6QTcwd8q3MyZa4BXPpV-n0xXacQkOnhKs_ml3Ui67FHqCiOPoqOa_WOqzmGJduybw1Nx_qckrWN8spKRoKdF0IiYWp12dJQWb95hOeb9Hha5gi8cqLcdmr0nADxBFYsfNdAUZiFWB-f2DBaHuGh5E3RKTNFoL2SREvR5janayL=-p-df-h100-w100,business
biz4,Personal View: Small businesses play a huge part in economic growth,"Normal is not good enough. We need to plan for growth, and small businesses play an integral role in Greater Cleveland's economic prosperity. They are local ...","Personal View: Small businesses play a huge part in economic growth Normal is not good enough. We need to plan for growth, and small businesses play an integral role in Greater Cleveland's economic prosperity. They are local ...",news.google.com/./articles/CBMiZWh0dHBzOi8vd3d3LmNyYWluc2NsZXZlbGFuZC5jb20vb3Bpbmlvbi9wZXJzb25hbC12aWV3LXNtYWxsLWJ1c2luZXNzZXMtcGxheS1odWdlLXBhcnQtZWNvbm9taWMtZ3Jvd3Ro0gEA?hl=en-US&gl=US&ceid=US%3Aen,https://lh3.googleusercontent.com/proxy/p39yntPvB5VO2zfBpbFIkoZ38iw-nRzU_bGBSr77UhFB0f-eZTmH7nIyHIRWa2j1Qi6Fct74yK43DRCPK-qh_7lvvw5kO0Y-6E5HuiAHRJI6x8nwsGaRfCBqGHHxqe2ZsmkUDrQq1zIzCARdS8g=-p-df-h100-w100,business
biz5,Kraus Development buys Seaford business park for $1.7M,Kraus Development of Baltimore bought the complex from Penco Corporation owner Kent Peterson for $1.7 million.,Kraus Development buys Seaford business park for $1.7M Kraus Development of Baltimore bought the complex from Penco Corporation owner Kent Peterson for $1.7 million.,news.google.com/./articles/CBMiPmh0dHBzOi8vZGVsYXdhcmVidXNpbmVzc3RpbWVzLmNvbS9uZXdzL2tyYXVzLWRldmVsb3BtZW50LWJ1eXMv0gEA?hl=en-US&gl=US&ceid=US%3Aen,https://lh5.googleusercontent.com/proxy/XsyO3IKV8ba4-EgU1hn553tDMxtHs8-tJLsgTLvD5BLbiEYrKuL8QiHptMClrup0voeOgXbudJ8cTd7Quh_bn7SvJPq17OQe7UPdrJonIiCyqoWy9pKGSDMqWiFfY5BUyePhGjr3-kY6vIJJSUStl-Ee0e7cTuSGwC1VxtWNF21EvuJ0IB6bLsVZ=-p-df-h100-w100,business
biz6,Marin business survey finds dire pandemic outlook,"More than a third of Marin County business owners polled in a recent survey said they have dipped into personal savings, racked up credit card debt or ...","Marin business survey finds dire pandemic outlook More than a third of Marin County business owners polled in a recent survey said they have dipped into personal savings, racked up credit card debt or ...",news.google.com/./articles/CBMiVWh0dHBzOi8vd3d3Lm1hcmluaWouY29tLzIwMjEvMDQvMDMvbWFyaW4tYnVzaW5lc3Mtc3VydmV5LWZpbmRzLWRpcmUtcGFuZGVtaWMtb3V0bG9vay_SAVlodHRwczovL3d3dy5tYXJpbmlqLmNvbS8yMDIxLzA0LzAzL21hcmluLWJ1c2luZXNzLXN1cnZleS1maW5kcy1kaXJlLXBhbmRlbWljLW91dGxvb2svYW1wLw?hl=en-US&gl=US&ceid=US%3Aen,https://lh4.googleusercontent.com/proxy/0c39ndAf673r-Dw_DkhF0-DaK2NZesksHz_ONwUwTaEMC6XX0KNenFB6B368bu-2f7da6xTSix2oMhAsxMBBTZSVapbb-VirT9o5Bm45vypk2aJs1CH3xO4IqUrN3yUTd6w8MrpToIY=-p-df-h100-w100,business
biz7,Business Intel: AmRhein's Bridals closes doors,"AmRhein's Bridals, which has served the Roanoke Valley since 1992, has closed.","Business Intel: AmRhein's Bridals closes doors AmRhein's Bridals, which has served the Roanoke Valley since 1992, has closed.",news.google.com/./articles/CBMigQFodHRwczovL3JvYW5va2UuY29tL2J1c2luZXNzL2xvY2FsL2J1c2luZXNzLWludGVsLWFtcmhlaW5zLWJyaWRhbHMtY2xvc2VzLWRvb3JzL2FydGljbGVfODJjOWE1NTItOTFhMS0xMWViLWEyYWUtODcyYTY0ZTE1NjBlLmh0bWzSAYUBaHR0cHM6Ly9yb2Fub2tlLmNvbS9idXNpbmVzcy9sb2NhbC9idXNpbmVzcy1pbnRlbC1hbXJoZWlucy1icmlkYWxzLWNsb3Nlcy1kb29ycy9hcnRpY2xlXzgyYzlhNTUyLTkxYTEtMTFlYi1hMmFlLTg3MmE2NGUxNTYwZS5hbXAuaHRtbA?hl=en-US&gl=US&ceid=US%3Aen,https://lh4.googleusercontent.com/proxy/Qy1x_ZV2oMCOZ87K05f2ppLr_B10rtQRBPyYyz9Vyp5A4QuSNNRLzuZhy1bO2SUgsxjwxl2AWe4A7psD3RBTIKsM4_QPpdRrxSAhCzntfysbJd-fJ9uC382D5nBPiwNoT9mVmV_nM5ed6gdVBPZVPZdy6PxxYJoQV0v2yka7nncDNmPvb7-cdu-y9Dhva6hVJFlG8HFu5_OMgiiJJWtTQHaL0Q856otJIjJwA9z1V_iXE5yay9_xQihRUd9nhMssYkQymSvu5qyM45Kuw1EyEMuMFA_Z10HUZOaN8IG9y1xQD6QHW6n4I-dyLmnZw_046rFR96k7rFX1YQ=-p-df-h100-w100,business
biz8,North Coast wine businesses seek relief from California wildfire insurance woes,"Hundreds of California wine producers face massive premium hikes, cancellations and nonrenewals in the aftermath of wildfires in recent years, and now they're ...","North Coast wine businesses seek relief from California wildfire insurance woes Hundreds of California wine producers face massive premium hikes, cancellations and nonrenewals in the aftermath of wildfires in recent years, and now they're ...",news.google.com/./articles/CBMihAFodHRwczovL3d3dy5ub3J0aGJheWJ1c2luZXNzam91cm5hbC5jb20vYXJ0aWNsZS9pbmR1c3RyeW5ld3Mvbm9ydGgtY29hc3Qtd2luZS1idXNpbmVzc2VzLXNlZWstcmVsaWVmLWZyb20tY2FsaWZvcm5pYS1pbnN1cmFuY2Utd29lcy_SAYgBaHR0cHM6Ly93d3cubm9ydGhiYXlidXNpbmVzc2pvdXJuYWwuY29tL2FydGljbGUvaW5kdXN0cnluZXdzL25vcnRoLWNvYXN0LXdpbmUtYnVzaW5lc3Nlcy1zZWVrLXJlbGllZi1mcm9tLWNhbGlmb3JuaWEtaW5zdXJhbmNlLXdvZXMvYW1wLw?hl=en-US&gl=US&ceid=US%3Aen,https://lh4.googleusercontent.com/proxy/qPxca9WUwh3mqpe8q3CZF50VeTWemES7d0gKn4jXZtQRbOFCK8F5maaeFFUfjU7DzevGkL0BBA6wPfG5VqedZyDZJ_B4B26s2SmtHCcCTX1PAJYvBjMsaGeYAR9eCufH_QXuJD6NJu0ln1E0ZMPC0uOSXfxu-B4axi1tR3jyioLhw-4FO3_WwX2OztE=-p-df-h100-w100,business
biz9,Business begins to boom as more are vaccinated,"COLUMBIA, S.C. ‚Äî With over 750,000 South Carolinians fully vaccinated, many are feeling more comfortable getting out and enjoying some sense of normalcy.","Business begins to boom as more are vaccinated COLUMBIA, S.C. ‚Äî With over 750,000 South Carolinians fully vaccinated, many are feeling more comfortable getting out and enjoying some sense of normalcy.",news.google.com/./articles/CBMiiAFodHRwczovL3d3dy53bHR4LmNvbS9hcnRpY2xlL25ld3MvbG9jYWwvc291dGgtY2Fyb2xpbmEtYnVzaW5lc3MtcGlja2luZy11cC1vdmVyLWhvbGlkYXktd2Vla2VuZC8xMDEtZGUzNzlhM2QtYjQ0Ni00MDJjLThmZTctODYwNjE0MjJhNmJj0gEA?hl=en-US&gl=US&ceid=US%3Aen,https://lh3.googleusercontent.com/proxy/Z46DSGhpSEpLnbxxc3MKkHduUuGkK8Aw_UAs5fIBZ_ix_AhiaTM0T7gxZ7hrNCbMMwBayuCNd3NWqufvItckefqd3X0WHGKrh_ObjPP1_y4xHnjI0cJWz0UDjYZ76YQG-22NXIY6hmD39SG7JNDQdz4LS3wa2UWqAaHROzzknV6fgn6lg36MRb1Z6kf1N5krvH417gFOwu3K_QAPLg=-p-df-h100-w100,business
tech1,Bob van Dijk of Prosus on the Future of Technology,Illustration by The New York Times; photo by Noam Galai/Getty Images for Techcrunch,Bob van Dijk of Prosus on the Future of Technology Illustration by The New York Times; photo by Noam Galai/Getty Images for Techcrunch,news.google.com/./articles/CAIiEP0HRJW9c8CWwJzi3cyUbUAqFwgEKg8IACoHCAowjuuKAzCWrzwwt4QY?hl=en-US&gl=US&ceid=US%3Aen,https://lh3.googleusercontent.com/tTDvE6ITK8GnQVXsEHScscyXjKcornTo61-rknlSxBdQmcL4hDCgXbT1EWrijoIIrqM-AxThqOlaU2_EpGGF=-p-df-h100-w100,technology
tech2,Techlash continues to batter technology sector,"Declining trust in the tech sector during COVID-19 will impact how governments regulate regulates tech issues, writes Darrell West.","Techlash continues to batter technology sector Declining trust in the tech sector during COVID-19 will impact how governments regulate regulates tech issues, writes Darrell West.",news.google.com/./articles/CBMiYmh0dHBzOi8vd3d3LmJyb29raW5ncy5lZHUvYmxvZy90ZWNodGFuay8yMDIxLzA0LzAyL3RlY2hsYXNoLWNvbnRpbnVlcy10by1iYXR0ZXItdGVjaG5vbG9neS1zZWN0b3Iv0gFmaHR0cHM6Ly93d3cuYnJvb2tpbmdzLmVkdS9ibG9nL3RlY2h0YW5rLzIwMjEvMDQvMDIvdGVjaGxhc2gtY29udGludWVzLXRvLWJhdHRlci10ZWNobm9sb2d5LXNlY3Rvci9hbXAv?hl=en-US&gl=US&ceid=US%3Aen,https://lh5.googleusercontent.com/proxy/DmpfABm4-V3KtELSQaRB3i4wKRvJW4hK3behx4wjnTxEvC1aafvu5otxeMr6pMmKNajmL6ZzqjeKTBbPR5y1rdMbzt02vST-GWqUESXBYWL5BWxI7pHNNPA4qRabiIDD9g=-p-df-h100-w100,technology
tech3,March Madness Final Four to Feature Revolutionary New Technology in Message Advertising From Ryff,Ryff's Placer Render Technology Helps Fans Re-live Unbelievable 2006 UCLA-Gonzaga game w/Legendary Ad During 2021 Final Four.,March Madness Final Four to Feature Revolutionary New Technology in Message Advertising From Ryff Ryff's Placer Render Technology Helps Fans Re-live Unbelievable 2006 UCLA-Gonzaga game w/Legendary Ad During 2021 Final Four.,news.google.com/./articles/CBMiTmh0dHBzOi8vZmluYW5jZS55YWhvby5jb20vbmV3cy9tYXJjaC1tYWRuZXNzLWZpbmFsLWZvdXItZmVhdHVyZS0yMzM1MDA3MjcuaHRtbNIBVmh0dHBzOi8vZmluYW5jZS55YWhvby5jb20vYW1waHRtbC9uZXdzL21hcmNoLW1hZG5lc3MtZmluYWwtZm91ci1mZWF0dXJlLTIzMzUwMDcyNy5odG1s?hl=en-US&gl=US&ceid=US%3Aen,https://lh4.googleusercontent.com/proxy/kPMHRR6h7dz3XCBmqdgSTA2hp3tCq3lxwUZZeMh3HRqWi1y3hI36GvzPghGX9AkFHgWHOWvgEvc2khpSAnh7PmkdSBnCPkmCu9ubS30hTSlneF62zVugMSUKylu6pYjaBGl3GwiC6CcZrgOZlbub6e8glkHK6eG8PvC9dYdSVML0dMZw4q4iCHutoLCH5RP9HWwtDFChHjKIbuAbYFnDCWF5jKbDz-EvdsawHi2D9SJAfkhoFu0FeMdeQwknYvbJvkpZKT2fjH7dmhRFfvPQefoWBQICqQo9ZIh2JWvUkLY8ut5-8GmoLnkcdHuAo6pe4yf4hkTUSj2ITuR8NfJJlczjefHYsTVSeRFIxE51bgfnI0NBH-cVMQianwOln9B35E2SRiYbfB5QMJaFCeqmPiX8RPzWs8oHoK10GKJBM-3fywg=-p-df-h100-w100,technology
tech4,"Senior housing partnership brings technology, safety design to Clearwater memory care facility","A newly built community for people with Alzheimer's and other dementias is preparing to open this month in Clearwater. The memory care facility, the first phase ...","Senior housing partnership brings technology, safety design to Clearwater memory care facility A newly built community for people with Alzheimer's and other dementias is preparing to open this month in Clearwater. The memory care facility, the first phase ...",news.google.com/./articles/CBMieWh0dHBzOi8vc3RwZXRlY2F0YWx5c3QuY29tL3Nlbmlvci1ob3VzaW5nLXBhcnRuZXJzaGlwLWJyaW5ncy10ZWNobm9sb2d5LXNhZmV0eS1kZXNpZ24tdG8tY2xlYXJ3YXRlci1tZW1vcnktY2FyZS1mYWNpbGl0eS_SAX1odHRwczovL3N0cGV0ZWNhdGFseXN0LmNvbS9zZW5pb3ItaG91c2luZy1wYXJ0bmVyc2hpcC1icmluZ3MtdGVjaG5vbG9neS1zYWZldHktZGVzaWduLXRvLWNsZWFyd2F0ZXItbWVtb3J5LWNhcmUtZmFjaWxpdHkvYW1wLw?hl=en-US&gl=US&ceid=US%3Aen,https://lh5.googleusercontent.com/proxy/KgHk_WSWm4Mn-qfUyeK7EbqR0mZL3sw_sRsrBIgaecczJV9rTRtKON4MEco9K9iD79TNnSEYmlakSV9kGBGWb-GsB6yDq2udAFZym_ITdAd_GkMmXolJP0NyU4CCA8g1UirzVTyCbmAQl-57eCmCH2ZfTnSIIw=-p-df-h100-w100,technology
tech5,"Lawrence's Technology Services Damaged By 'Malicious Activity', Mayor Vasquez Says","Law enforcement officials are investigating ""malicious activity"" that caused damage to Lawrence's technology services. 6 hours ago ...","Lawrence's Technology Services Damaged By 'Malicious Activity', Mayor Vasquez Says Law enforcement officials are investigating ""malicious activity"" that caused damage to Lawrence's technology services. 6 hours ago ...",news.google.com/./articles/CBMieWh0dHBzOi8vYm9zdG9uLmNic2xvY2FsLmNvbS92aWRlby81NDU4MTExLWxhd3JlbmNlcy10ZWNobm9sb2d5LXNlcnZpY2VzLWRhbWFnZWQtYnktbWFsaWNpb3VzLWFjdGl2aXR5LW1heW9yLXZhc3F1ZXotc2F5cy_SAX1odHRwczovL2Jvc3Rvbi5jYnNsb2NhbC5jb20vdmlkZW8vNTQ1ODExMS1sYXdyZW5jZXMtdGVjaG5vbG9neS1zZXJ2aWNlcy1kYW1hZ2VkLWJ5LW1hbGljaW91cy1hY3Rpdml0eS1tYXlvci12YXNxdWV6LXNheXMvYW1wLw?hl=en-US&gl=US&ceid=US%3Aen,https://lh5.googleusercontent.com/proxy/tbJMBJpaj_sb39xfh1K81Zjy2SwsUqy7JM6dBJETbuP5LHwzP6FZQ_Ixfy0Tl_flDxahBzz5hA-X0jaGC0T0vLTJA_9uWFmzeG7K4CoWAdzDusD9X2awuqgIWz5Yq4HfpXClNrncFXFfkgOA8Pm8JxBtLsZuV8WUZ8AiQB6weMhh-npxJtyrJyYCZhbZcbVVBeVcO2NO211ioRApRo49QIkZNxZA2j4C3EyrR-eJAkG1-04R1QT0HUC5t8AjJdbiPlUfqfwLTg4GGOJkJw=-p-df-h100-w100,technology
tech6,How Technology and Ingenuity Has Helped Two CEOs Survive The Pandemic And Run Their Companies,"For Thomas Panek and David Cohn, navigating the pandemic as disabled people has also meant navigating life in another way: as CEOs.","How Technology and Ingenuity Has Helped Two CEOs Survive The Pandemic And Run Their Companies For Thomas Panek and David Cohn, navigating the pandemic as disabled people has also meant navigating life in another way: as CEOs.",news.google.com/./articles/CAIiECDY7Z__bGSPRmwDx-nOky8qFQgEKg0IACoGCAowrqkBMKBFMKGBAg?hl=en-US&gl=US&ceid=US%3Aen,https://lh3.googleusercontent.com/XGejrsGBEP-8O3-C76-zk2335TGRlxpdjpArcZA25X4qcUlfKbZRD3VMdZUocaA44SIx_sn6jwtitDsP9IIs=-p-df-h100-w100,technology
tech7,The powerful technology behind the Pfizer and Moderna vaccines,"Two of the three COVID-19 vaccines that have been authorized so far in the United States use synthetic messenger RNA, or mRNA, to protect against the ...","The powerful technology behind the Pfizer and Moderna vaccines Two of the three COVID-19 vaccines that have been authorized so far in the United States use synthetic messenger RNA, or mRNA, to protect against the ...",news.google.com/./articles/CAIiEJ_-DNYgJJq9D1GjP1zryvMqGQgEKhAIACoHCAow6-PzCjD7sNQCMJq_wQY?hl=en-US&gl=US&ceid=US%3Aen,https://lh3.googleusercontent.com/pHn5-qDNBzVDfRMFk8ekpaxlsLN5tyU4izSaoXRCJLi05YqyJ4qjRVnagjwDoGLLCe_ETN4HVHhmZ6Wxpg=-p-df-h100-w100,technology
tech8,15 Most Valuable Technology Companies in the World,"In this article, we are going to talk about the 15 most valuable technology companies in the world. You can skip our detailed discussion about the technology ...","15 Most Valuable Technology Companies in the World In this article, we are going to talk about the 15 most valuable technology companies in the world. You can skip our detailed discussion about the technology ...",news.google.com/./articles/CBMiU2h0dHBzOi8vZmluYW5jZS55YWhvby5jb20vbmV3cy8xNS1tb3N0LXZhbHVhYmxlLXRlY2hub2xvZ3ktY29tcGFuaWVzLTExMDYzMjU1My5odG1s0gFbaHR0cHM6Ly9maW5hbmNlLnlhaG9vLmNvbS9hbXBodG1sL25ld3MvMTUtbW9zdC12YWx1YWJsZS10ZWNobm9sb2d5LWNvbXBhbmllcy0xMTA2MzI1NTMuaHRtbA?hl=en-US&gl=US&ceid=US%3Aen,https://lh4.googleusercontent.com/proxy/UPG-8Tg_y8gMDgKDxlzAn2vso1cftnfSWj9vvHRO4tdIXaLA92eQkfPMcLxCQ9GqIO-SXdh_eSVKPihE6eKHOGlO3yZhoi241733KQtTnMcxOMtp7_EaYb5B1Pbg_nRAfrsVnzKJN2rNijm-VuZmKooVxmivsSia7h_PmqRDiPruyMa9dJgCLtKLrsGVc_LnNr6oVdB5WtdohX1HnTQFNthdfJDt-35ojmWPso-Ha8sgMGc8O1N8aw_4bUmOm0ZIDK3nXacMiCq1bCTnzJhalK-LsBQ7dpsjU7wDKtn-JMhbG0xi3s46-jh_LuJ4y4dD7uAeZTKxCrQgcdYOXSRX1QPZk_jVi5kgWUD0PxMCzzzLnOhI2sT70rBJjCzJRlJ0E4bEKcYhrUG8Q97IK_nFzY4xtZW0QQg4r6G7RpCprw=-p-df-h100-w100,technology
tech9,Lawrence reports 'malicious activity' affecting multiple city technology services,"Lawrence city officials and law enforcement are working to determine the scope of damaged caused to the city's technology services by ""malicious activity,"" the ...","Lawrence reports 'malicious activity' affecting multiple city technology services Lawrence city officials and law enforcement are working to determine the scope of damaged caused to the city's technology services by ""malicious activity,"" the ...",news.google.com/./articles/CAIiEL5qqPICgrY_Fr8um1_l70YqGAgEKg8IACoHCAowr8TxCTCG6nIwhr6YBg?hl=en-US&gl=US&ceid=US%3Aen,https://lh3.googleusercontent.com/FYTRGXXSO4tRl_kEgEE7d08lSUmnIQuYWahX9QJVEtLly9uHJFYX_uJsfJozMHQtCKN6uEW_STV-D1l37p8=-p-df-h100-w100,technology
world1,How can we vaccinate the world? Five challenges facing the UN-backed COVAX programme,The aim of the UN-backed COVAX scheme is to get two billion vaccine doses into the arms of around a quarter of the population of poorer countries by the end ...,How can we vaccinate the world? Five challenges facing the UN-backed COVAX programme The aim of the UN-backed COVAX scheme is to get two billion vaccine doses into the arms of around a quarter of the population of poorer countries by the end ...,news.google.com/./articles/CBMiLGh0dHBzOi8vbmV3cy51bi5vcmcvZW4vc3RvcnkvMjAyMS8wNC8xMDg4OTMy0gEA?hl=en-US&gl=US&ceid=US%3Aen,https://lh3.googleusercontent.com/proxy/VKAoGY_2t6eUDe7uBIh2nXzlooh8VkSfRaGvKS8oNpZAmhRwCRKXRQqqyi4GIwcLByGotuzCzhh-s3ltD_76DcQwY9GtAqr84EwOA3rBbmrScSmO3rKTD6X8ZPA-7kzFuknRRY5H0dMKJEH5rznSI_xyc-saz2L3eA5DmGnt26DwGNfSfwl8X3g_7xR7sJj1HsuiBrmi_8hq6gPF1SNOnmpLnMXfAAEq6qXMV0OfHUf3ChEL__3tQk8auFtO90qHTDAfhWlNwkNP2yytYeSP91DzeJfZzA=-p-df-h100-w100,world
world2,Rock Your World rocks Santa Anita Derby field,"Rock Your World won the $750000 Santa Anita Derby by 4 1/4 lengths on Saturday over 4-5 favorite Medina Spirit, preventing Hall of Fame trainer Bob Baffert ...","Rock Your World rocks Santa Anita Derby field Rock Your World won the $750000 Santa Anita Derby by 4 1/4 lengths on Saturday over 4-5 favorite Medina Spirit, preventing Hall of Fame trainer Bob Baffert ...",news.google.com/./articles/CBMiRmh0dHBzOi8va3RsYS5jb20vc3BvcnRzL3JvY2steW91ci13b3JsZC1yb2Nrcy1zYW50YS1hbml0YS1kZXJieS1maWVsZC_SAUpodHRwczovL2t0bGEuY29tL3Nwb3J0cy9yb2NrLXlvdXItd29ybGQtcm9ja3Mtc2FudGEtYW5pdGEtZGVyYnktZmllbGQvYW1wLw?hl=en-US&gl=US&ceid=US%3Aen,https://lh5.googleusercontent.com/proxy/ZNgduIm6b3PYmnowvYfYXOjs87Abb4VQJsxOeRWdeYxRD2bwdp_iKDCI74AfkLsFCBYT9HsuADpoNjaxlgXq2WSZWBv4S6CoptJduoHhc1K8Q-1MXw7zC42BzpgyNJ2BLmUu=-p-df-h100-w100,world
world3,World Economy Risks 'Dangerously Diverging' Even as Growth Booms,"Shoppers browse fruits at a store at a wet market in Hong Kong, China, on Saturday, Sept. 5, 2020. Hong Kong's economy has been rocked by anti-government protests in 2019 and the pandemic this year. Photographer: Billy H.C. Kwok/Bloomberg","World Economy Risks 'Dangerously Diverging' Even as Growth Booms Shoppers browse fruits at a store at a wet market in Hong Kong, China, on Saturday, Sept. 5, 2020. Hong Kong's economy has been rocked by anti-government protests in 2019 and the pandemic this year. Photographer: Billy H.C. Kwok/Bloomberg",news.google.com/./articles/CAIiELMKVFTq4KnKbYkNsMKnMg8qGQgEKhAIACoHCAow4uzwCjCF3bsCMIrOrwM?hl=en-US&gl=US&ceid=US%3Aen,https://lh3.googleusercontent.com/I-aiVYDNNViRx2g_yKHYxdKZSzTzEodPSkQ1-4QejT0UaZ1rqx9KQs5ERZh0yTcL7QIz-zrKqW779udq1TQf=-p-df-h100-w100,world
world4,"Singing Hymns Through Masks, Christians Mark Pandemic Easter",VATICAN CITY (AP) ‚Äî Christianity's most joyous feast day was celebrated worldwide with faithful sitting far apart in pews and singing choruses of ‚ÄúHallelujah‚Äù ...,"Singing Hymns Through Masks, Christians Mark Pandemic Easter VATICAN CITY (AP) ‚Äî Christianity's most joyous feast day was celebrated worldwide with faithful sitting far apart in pews and singing choruses of ‚ÄúHallelujah‚Äù ...",news.google.com/./articles/CBMicWh0dHBzOi8vd3d3LnVzbmV3cy5jb20vbmV3cy93b3JsZC9hcnRpY2xlcy8yMDIxLTA0LTA0L3NpbmdpbmctaHltbnMtdGhyb3VnaC1tYXNrcy1jaHJpc3RpYW5zLW1hcmstcGFuZGVtaWMtZWFzdGVy0gEA?hl=en-US&gl=US&ceid=US%3Aen,https://lh4.googleusercontent.com/proxy/paGssNkwxfk2eIUAwSISHIHDXRf9EyfcJv_FtEPeBPwfPu61E8oF-2lGi7SlhUnh-y4ABgS70BDQMDXgn-Jmo5Dv4X4M8VRw0N0gwlypY37vTcxy6z-Brk0v10mGqKEINCJUVRi_uz4KQ-Cr3YzMxmOTPNzsHI8D5bURbR5s1nAPIzwXzKHMp2dtxkcYHwFFo2p90maMBL2Cq2Zy7t5V=-p-df-h100-w100,world
world5,Ruth Chepngetich smashes world record at Istanbul Half Marathon,"Chepngetich took 29 seconds off Ababel Yeshaneh's previous best, as Kibiwott Kandie won the men's race for a Kenyan double.","Ruth Chepngetich smashes world record at Istanbul Half Marathon Chepngetich took 29 seconds off Ababel Yeshaneh's previous best, as Kibiwott Kandie won the men's race for a Kenyan double.",news.google.com/./articles/CAIiENd3cxgmYtmCCOtxacQ38dYqGQgEKhAIACoHCAowmPiUCzCNzKoDMPOB2AY?hl=en-US&gl=US&ceid=US%3Aen,https://lh3.googleusercontent.com/NEC27YZh3q2gaBWkfLQigQfq09WFhUH5NFfHvDAAd1_oATyxiT7UZubT5b57gImaVZFKKp4TAV10A_PvqTn_=-p-df-h100-w100,world
world6,Easter Eggs a Symbol of Defiance for Myanmar Protesters,"(Reuters) -Opponents of military rule in Myanmar inscribed messages of protest on Easter eggs on Sunday while thousands of others were back on the streets, ...","Easter Eggs a Symbol of Defiance for Myanmar Protesters (Reuters) -Opponents of military rule in Myanmar inscribed messages of protest on Easter eggs on Sunday while thousands of others were back on the streets, ...",news.google.com/./articles/CBMidGh0dHBzOi8vd3d3LnVzbmV3cy5jb20vbmV3cy93b3JsZC9hcnRpY2xlcy8yMDIxLTA0LTAzL215YW5tYXItcHJvdGVzdGVycy10YWtlLXVwLWVhc3Rlci1lZ2dzLWp1bnRhLWh1bnRzLWNlbGVicml0aWVz0gEA?hl=en-US&gl=US&ceid=US%3Aen,https://lh5.googleusercontent.com/proxy/zIsJmoPLz1Z33hmPFFcaNUg-ftJgUOTDNP-DcKGCSY-5HiYh_Kv9igGnu_pu2J1Gq0sklY0Plem6OfqxhDr7Dw83AFPLrhDeGb5hVWtwFsWrk72R4YdC6gMT17_RgO5tyDz-yuX-tC56UtajZIWwTsQhHIAXLhnu0DXWoHogSQ7y7e7ks0UXz_Bb9oTW-BQ56gSzR-rpE0bHcYBqYuK53oxPmbpI5mBQ7xQfas_yKauPe2hvzsURoeyDdfvXSnup3x0X3YyYfwE8_2gMhhVA8ox0BrRP1pzQdnU6N9Bbig_06eGUOYR5IfxVYtCq1sALAi2IIZLEts-3GMX4CY26-XhZ8KQ0DH24biPOk0Qky5zcclu9nSD0IoDLOz3nnfq0ItAtqAukRVmXJHbhCMJ70zb8DTk=-p-df-h100-w100,world
world7,Honoring World Autism Awareness Day,play_arrow,Honoring World Autism Awareness Day play_arrow,news.google.com/./articles/CAIiEKbERF2rUASDrvtD76lFrJYqGQgEKhAIACoHCAowkIf-CjDWy_YCMOmk3gU?hl=en-US&gl=US&ceid=US%3Aen,https://lh3.googleusercontent.com/CeSateO98PJZ6a9T8Bi0eN6peykWrsNNBxTaOErmTfP1XCga3HJFjZ1Wpl8Ixqt12VROSOgpOUuZxub2sg=-p-df-h100-w100,world
world8,"Welcome to Decentraland, where NFTs meet a virtual world","When Decentraland launched in 2017, the digital world's developers sold land parcels for about $20 apiece. In the following years, the Decentraland virtual ...","Welcome to Decentraland, where NFTs meet a virtual world When Decentraland launched in 2017, the digital world's developers sold land parcels for about $20 apiece. In the following years, the Decentraland virtual ...",news.google.com/./articles/CAIiEIMqiSiMRBr850ntBOkoEksqGQgEKhAIACoHCAowvIaCCzDnxf4CMO2F8gU?hl=en-US&gl=US&ceid=US%3Aen,https://lh3.googleusercontent.com/LDd510YyZXzwH-hXsNpNAiRpINixttDvUHu9n1XslJv2N60Ly4hquMpcQQ0eZE0HfZg228Z8Q6LGlpPBU-s=-p-df-h100-w100,world
world9,"World Earthquake Report for Saturday, 3 April 2021","Summary: 2 quakes 6.0+, 4 quakes 5.0+, 30 quakes 4.0+, 103 quakes 3.0+, 229 quakes 2.0+ (368 total). Global seismic activity level on 3 April 2021: HIGH.","World Earthquake Report for Saturday, 3 April 2021 Summary: 2 quakes 6.0+, 4 quakes 5.0+, 30 quakes 4.0+, 103 quakes 3.0+, 229 quakes 2.0+ (368 total). Global seismic activity level on 3 April 2021: HIGH.",news.google.com/./articles/CAIiECNHWqXYflNO9EGdfLj7mEoqMwgEKioIACIQx6kWZtH8KrLrihICgK5iRCoUCAoiEMepFmbR_Cqy64oSAoCuYkQwx_LwBg?hl=en-US&gl=US&ceid=US%3Aen,https://lh3.googleusercontent.com/2BKwfjgPdH571MkARfIjvWde8vKQk06WRbVEn4l6rF9no1keWNqfelBdJATjMS-eOULf7XG-SZ85TnrhArx7=-p-df-h100-w100,world
ind1,Bangladesh and Parts of India Look to Lockdowns Amid Surges,"People at an open market in Dhaka, Bangladesh, on Wednesday. The country is bracing for a lockdown.","Bangladesh and Parts of India Look to Lockdowns Amid Surges People at an open market in Dhaka, Bangladesh, on Wednesday. The country is bracing for a lockdown.",news.google.com/./articles/CAIiEEWnjkqwc4287LbnSr3HvNcqFwgEKg8IACoHCAowjuuKAzCWrzww5oEY?hl=en-US&gl=US&ceid=US%3Aen,https://lh3.googleusercontent.com/Kz0xbhMQ2E_SbdeSsIEyTi9C_sd6ROyUgT_AkQXRGxqav2AD8Stl0Vfh-3Rguz8RtPEKRXP-Nee_6ImosQ=-p-df-h100-w100,india
ind2,India braces for COVID-19 curbs as infections hit 6-month high,"India's biggest cities braced for stricter lockdowns and other COVID-19 curbs on Saturday as infections hit a six-month high, as a month-long surge continued in ...","India braces for COVID-19 curbs as infections hit 6-month high India's biggest cities braced for stricter lockdowns and other COVID-19 curbs on Saturday as infections hit a six-month high, as a month-long surge continued in ...",news.google.com/./articles/CBMijgFodHRwczovL3d3dy5yZXV0ZXJzLmNvbS9hcnRpY2xlL3VzLWhlYWx0aC1jb3JvbmF2aXJ1cy1pbmRpYS1jYXNlcy9pbmRpYS1icmFjZXMtZm9yLWNvdmlkLTE5LWN1cmJzLWFzLWluZmVjdGlvbnMtaGl0LTYtbW9udGgtaGlnaC1pZFVTS0JOMkJRMDRE0gE0aHR0cHM6Ly9tb2JpbGUucmV1dGVycy5jb20vYXJ0aWNsZS9hbXAvaWRVU0tCTjJCUTA0RA?hl=en-US&gl=US&ceid=US%3Aen,https://lh5.googleusercontent.com/proxy/KV01g23j1Z_aDWD84SwGUmeJ7DOIp3B8yikTpym8r8IspgR61u2obeqJukMUjeTdTpj7Xx_G4ZitQJhz6EM88ksO3lClANXg7iGugauxZPEKVviDesCZbcJOf4Rnb5UAyDifud9-RmUMjqnOV-lzn6dF0PKjnKD-P9ewjSpMsDy_g331sQgi0CT7G3Z2ySjc=-p-df-h100-w100,india
ind3,India speeds up vaccinations as cases soar again,Science's COVID-19 reporting is supported by the Heising-Simons Foundation. Embedded Image. Senior citizens wait in line at a COVID-19 vaccination center ...,India speeds up vaccinations as cases soar again Science's COVID-19 reporting is supported by the Heising-Simons Foundation. Embedded Image. Senior citizens wait in line at a COVID-19 vaccination center ...,news.google.com/./articles/CBMiMmh0dHBzOi8vc2NpZW5jZS5zY2llbmNlbWFnLm9yZy9jb250ZW50LzM3Mi82NTM3LzEy0gEA?hl=en-US&gl=US&ceid=US%3Aen,https://lh4.googleusercontent.com/proxy/EFZUcRDzmqb0nRG9YXfls6I2n4gVqG1ay070-RJw2p-EQnm0zWkkZkHpLBZPv5j28DLxNmHQXuE8KM6GV5hT-nbV38SgM2vwV97x27YTL5vOj7x3SmfL4hFhlXqmUoI=-p-df-h100-w100,india
ind4,Topsy-turvy world: Nations like India cant take sides in US-China cold war,The cold war is back--or at least its rhetoric. U.S. President Joe Biden wants to forge an ‚Äúalliance of democracies‚Äù against the world's ‚Äúautocracies.‚Äù The New ...,Topsy-turvy world: Nations like India cant take sides in US-China cold war The cold war is back--or at least its rhetoric. U.S. President Joe Biden wants to forge an ‚Äúalliance of democracies‚Äù against the world's ‚Äúautocracies.‚Äù The New ...,news.google.com/./articles/CAIiEHUMX-f13R6dtez15u852XcqGQgEKhAIACoHCAowsLXdCjCm3dEBMNS-swY?hl=en-US&gl=US&ceid=US%3Aen,https://lh3.googleusercontent.com/szsUtAaBaKjlFCOb8qgUfwN2Q5AQXzA8JylHsmqye_PXZaxoOy1Etxanh3Cx_ecUsBv-54rchyAicYpc6w=-p-df-h100-w100,india
ind5,ByteDance Says India's Freeze on Bank Accounts Is Harassment - Court Filing,MUMBAI (Reuters) -China's ByteDance has told an Indian court that a government freeze on its bank accounts in a probe of possible tax evasion amounts to ...,ByteDance Says India's Freeze on Bank Accounts Is Harassment - Court Filing MUMBAI (Reuters) -China's ByteDance has told an Indian court that a government freeze on its bank accounts in a probe of possible tax evasion amounts to ...,news.google.com/./articles/CBMiiwFodHRwczovL3d3dy51c25ld3MuY29tL25ld3MvdG9wLW5ld3MvYXJ0aWNsZXMvMjAyMS0wNC0wNC9leGNsdXNpdmUtYnl0ZWRhbmNlLXNheXMtaW5kaWFzLWZyZWV6ZS1vbi1iYW5rLWFjY291bnRzLWlzLWhhcmFzc21lbnQtY291cnQtZmlsaW5n0gEA?hl=en-US&gl=US&ceid=US%3Aen,https://lh6.googleusercontent.com/proxy/LDgEFLxPKNFYxoJaaDWa3wqMvUXSbfekgiIZjC1VcthYEntHUPODWDVIMVtKveRzPqBOXwNlfZdiaR-aGLO_sq7dFS-VlHeu6OXj3KeP2Z96zHsjnsyGtklwq9YerJIDdzBxeqvRQARZ5nYVfJVGP73l9t_NhOgnZdjMzcp0VC1oKJdCgw1t_2FgwQPczkBwogkhjerVRkhVk-6R5zNuJl3hjx-bfC2ZMndav9IkKcvdC7TYwVff32vpxh42tAK9tf87ult6Rd6_0YqfSLfSjbJ_vkiXvGP1VgQdAwiXtJ3vHbRXjMGriIDxv2am1MQJZ-vzdx-CEw6_43MLramBiiN71QiAlsBzlhtLPn2dCDsJe-Xe-FY8IImRe-uJFVm0PzFca0krZd9Uox3V79DRoHOPKQ5SYn6oyXE=-p-df-h100-w100,india
ind6,"Coronavirus update: India reports over 93,000 new cases for first time since mid-September","As many as 93,249 more people tested positive for Covid-19 in the last 24 hours as the second wave of the infection rages across the country, said the Union ...","Coronavirus update: India reports over 93,000 new cases for first time since mid-September As many as 93,249 more people tested positive for Covid-19 in the last 24 hours as the second wave of the infection rages across the country, said the Union ...",news.google.com/./articles/CAIiEJiRlrEJksGSlcsRM8U3834qFwgEKg4IACoGCAowxLQ_MNevCDCyrdsG?hl=en-US&gl=US&ceid=US%3Aen,https://lh3.googleusercontent.com/nfkO-aTqf_W0ETyzlAXU5QGUvFVBzItdpLxL6i0-NR9Vi0UjwUAQqII0sixY9miZF60Ju_Kp-GpAi0lDKg=-p-df-h100-w100,india
ind7,Five troops killed as Indian forces raid Maoist rebel hideout,The conflict has killed tens of thousands of people,Five troops killed as Indian forces raid Maoist rebel hideout The conflict has killed tens of thousands of people,news.google.com/./articles/CAIiENEPN_M7uuynTPQFjYA3rIEqFAgEKgwIACoFCAowhgIwkDgw0O8B?hl=en-US&gl=US&ceid=US%3Aen,https://lh3.googleusercontent.com/dUmDZhF41rBwpn5VEUsJ1ZgKBCURhpNr8M_xmJZ4nXpru2vIATYZyssEQZVUVlW0wuURvsT6wZML9HsUivmP=-p-df-h100-w100,india
ind8,India Reports Its Highest Daily Number Of COVID-19 Deaths So Far This Year,Commuters wait to board a suburban train on Tuesday at Chhatrapati Shivaji Maharaj Terminus prior to the night curfew that has been introduced to curb the spread of COVID-19 in Mumbai.,India Reports Its Highest Daily Number Of COVID-19 Deaths So Far This Year Commuters wait to board a suburban train on Tuesday at Chhatrapati Shivaji Maharaj Terminus prior to the night curfew that has been introduced to curb the spread of COVID-19 in Mumbai.,news.google.com/./articles/CAIiEAmFaqWCb8BHU_ui4Vfxh68qFggEKg4IACoGCAow9vBNMK3UCDCvpUk?hl=en-US&gl=US&ceid=US%3Aen,https://lh3.googleusercontent.com/t_BkVhUKJLbqthvxpjGenrqRDwYUt2joWCYjTRvWE3UTZZ1fxcQojKUWOOUBIp8NzNZPASR_s6ovTT4JIejm=-p-df-h100-w100,india
ind9,Explained: Indian football‚Äôs desperation for ‚Äòoverseas citizens‚Äô and how it points at a systemic failure,Dozens of nationality switches take place each year in football. The AIFF has been pushing for this because many of their opponents in the Asian and World Cup ...,Explained: Indian football‚Äôs desperation for ‚Äòoverseas citizens‚Äô and how it points at a systemic failure Dozens of nationality switches take place each year in football. The AIFF has been pushing for this because many of their opponents in the Asian and World Cup ...,news.google.com/./articles/CAIiEOaQuHNqyVjywsVfksy5T68qGAgEKg8IACoHCAow3rvTBDD89X4w8YzmBQ?hl=en-US&gl=US&ceid=US%3Aen,https://lh3.googleusercontent.com/Yav3er8fFqqDoxlO2Q4DqUk6G6GmyYN1yr8NRb3fSlYhCnNMpJljzH0SmVvCWlNoie9Ixk06NlvqSRQLk6E=-p-df-h100-w100,india
cov1,Michigan reports highest number of new COVID-19 cases since December,"Michigan reported its highest number of daily new COVID-19 cases since early December, as the state is in the midst of a coronavirus surge.","Michigan reports highest number of new COVID-19 cases since December Michigan reported its highest number of daily new COVID-19 cases since early December, as the state is in the midst of a coronavirus surge.",news.google.com/./articles/CBMiZ2h0dHBzOi8vYWJjbmV3cy5nby5jb20vSGVhbHRoL21pY2hpZ2FuLXJlcG9ydHMtaGlnaGVzdC1udW1iZXItY292aWQtMTktY2FzZXMtZGVjZW1iZXIvc3Rvcnk_aWQ9NzY4NTY1MzXSAWtodHRwczovL2FiY25ld3MuZ28uY29tL2FtcC9IZWFsdGgvbWljaGlnYW4tcmVwb3J0cy1oaWdoZXN0LW51bWJlci1jb3ZpZC0xOS1jYXNlcy1kZWNlbWJlci9zdG9yeT9pZD03Njg1NjUzNQ?hl=en-US&gl=US&ceid=US%3Aen,https://lh5.googleusercontent.com/proxy/nzA1R6691zVQazngKLuHgRopgPmNWCRfmvZ728-eSSSgky_WR7r9TzEUQTxBZWhfZRlkvLOeiLNGVhoSd7HPM-I5wvyAEb-YrisUVmayWS2AJasqYWcek8QeaNv9LxYQJ8Yk6kBSEC566Oxcciu0mubvTbwqC0TIsZrxR1f14f0KTHPUtHGzgQ=-p-df-h100-w100,covid19
cov2,Florida governor bans Covid-19 'vaccine passports',Florida Governor Ron DeSantis signed an executive order Friday banning the use of Covid-19 passports in the state.,Florida governor bans Covid-19 'vaccine passports' Florida Governor Ron DeSantis signed an executive order Friday banning the use of Covid-19 passports in the state.,news.google.com/./articles/CAIiEOHhFUC6k-wLRc1mXIeW6L0qMwgEKioIACIQpzoRSNLEm6QR--MasMLSAioUCAoiEKc6EUjSxJukEfvjGrDC0gIw1anKBg?hl=en-US&gl=US&ceid=US%3Aen,https://lh3.googleusercontent.com/uROnNwwkUt6lA-0_N3MisUs2hRug28RXKG8eygBpcuNtLnH2E4l5cCCyqgs3JTibIfX9_OdCOXHfjCnGLgVC=-p-df-h100-w100,covid19
cov3,"Covid-19 Pandemic: Live Updates and News for April 4, 2021","Argentina's President Alberto Fernandez (L) puts a mask after delivering a speech next to the president of Abuelas de Plaza de Mayo human rights organization, Estela Carlotto, during the ceremony to honor Abuelas and Madres de Plaza de Mayo members with the Juana Azurduy award, at the Casa Rosada in Buenos Aires on March 23, 2021 on the eve of the 45th anniversary of the military coup. (Photo by JUAN MABROMATA / AFP) (Photo by JUAN MABROMATA/AFP via Getty Images)","Covid-19 Pandemic: Live Updates and News for April 4, 2021 Argentina's President Alberto Fernandez (L) puts a mask after delivering a speech next to the president of Abuelas de Plaza de Mayo human rights organization, Estela Carlotto, during the ceremony to honor Abuelas and Madres de Plaza de Mayo members with the Juana Azurduy award, at the Casa Rosada in Buenos Aires on March 23, 2021 on the eve of the 45th anniversary of the military coup. (Photo by JUAN MABROMATA / AFP) (Photo by JUAN MABROMATA/AFP via Getty Images)",news.google.com/./articles/CAIiEIYuuRIR-LBBr-gw8fdXeC4qGQgEKhAIACoHCAow4uzwCjCF3bsCMIrOrwM?hl=en-US&gl=US&ceid=US%3Aen,https://lh3.googleusercontent.com/rK40pOtAfzozkdFu0ohZZOASiiQ78G5bKNs6gYT1ymxYSQZswpuDTbAkW7FHpP9HTo0wqFFXGRg2ldTyoMpQ=-p-df-h100-w100,covid19
cov4,Is The US In For Another Big COVID Surge? : Shots - Health News,"After more than two months of steep declines, coronavirus infections are on the rise again nationally ‚Äî along with COVID-19 hospitalizations in many states.","Is The US In For Another Big COVID Surge? : Shots - Health News After more than two months of steep declines, coronavirus infections are on the rise again nationally ‚Äî along with COVID-19 hospitalizations in many states.",news.google.com/./articles/CBMieGh0dHBzOi8vd3d3Lm5wci5vcmcvc2VjdGlvbnMvaGVhbHRoLXNob3RzLzIwMjEvMDQvMDIvOTgzNTIxMTk4L2EtNHRoLWNvdmlkLTE5LXN1cmdlLW1heS1iZS1zdGFydGluZy1ob3ctYmFkLWNvdWxkLWl0LWdldNIBAA?hl=en-US&gl=US&ceid=US%3Aen,https://lh4.googleusercontent.com/proxy/hEt6eBXtcFx2KMMsZGSgHScEoV_EnQvtBxaowuvuwsBEBGYatipDuOmBhc7eh6pWpJgxQAHByCWn7KtV5534rT3QnkyI7cH7HoOrBYn0gF5kXj8YjCVcIquwqDzhc0bRaabFEAmC1mxdAxUGQ37rDfE5UDUYAqexE5UKIQyHIF8zunQvoMMP9JfP4sgBLQ=-p-df-h100-w100,covid19
cov5,158 new COVID-19 cases in Montana,"Montana state health officials report 105035 total cases of COVID-19 for Saturday, April 3, 2021. 1465 people have died of the virus. Click here for the latest ...","158 new COVID-19 cases in Montana Montana state health officials report 105035 total cases of COVID-19 for Saturday, April 3, 2021. 1465 people have died of the virus. Click here for the latest ...",news.google.com/./articles/CBMiQ2h0dHBzOi8vbmJjbW9udGFuYS5jb20vbmV3cy9sb2NhbC8xNTgtbmV3LWNvdmlkLTE5LWNhc2VzLWluLW1vbnRhbmHSAUdodHRwczovL25iY21vbnRhbmEuY29tL2FtcC9uZXdzL2xvY2FsLzE1OC1uZXctY292aWQtMTktY2FzZXMtaW4tbW9udGFuYQ?hl=en-US&gl=US&ceid=US%3Aen,https://lh6.googleusercontent.com/proxy/laTVziIgjyxkWRouA-2FeNAqZVxWjMIIp5n1u5Jxmdoo7-tYHrTfeHO49RyZ4UcXRX2ZXt5Uzd8Zs_W55lJEJH88FVN9OqUsCweoGRXoqRoaO3l3PsWnSwJGdf1pPuBCr1nnw-SvqwK_Z04BVIgl8PYahRAZIDnyhlNdbQlwolfS-14uyTtbZGfXrJ8TIR10Ha0FnB2BKCGEr8QmDvc3YnFpNFt5udKtvdD5zKAvgOCvhLN4wH8ILy0=-p-df-h100-w100,covid19
cov6,Covid-19: Seven UK blood clot deaths after AstraZeneca vaccine,"Seven people have died from unusual blood clots after getting the Oxford-AstraZeneca vaccine in the UK, the medicines regulator has confirmed to the BBC.","Covid-19: Seven UK blood clot deaths after AstraZeneca vaccine Seven people have died from unusual blood clots after getting the Oxford-AstraZeneca vaccine in the UK, the medicines regulator has confirmed to the BBC.",news.google.com/./articles/CBMiKGh0dHBzOi8vd3d3LmJiYy5jb20vbmV3cy9oZWFsdGgtNTY2MjA2NDbSASxodHRwczovL3d3dy5iYmMuY29tL25ld3MvYW1wL2hlYWx0aC01NjYyMDY0Ng?hl=en-US&gl=US&ceid=US%3Aen,https://lh4.googleusercontent.com/proxy/6UiYSUDhPeoAvTH7mpuhBe94LLpTzyLu-MvH4NbQitPkCmRgwvcZRPHS-8ba4Z6mRM7CFs9Ss2pUW5SIqt3BEzTml6a13SJKqYIrTXDsnREXxdGNp8tEXenK8bBexutfTy30fgu8decTsjF-chkGPnf5=-p-df-h100-w100,covid19
cov7,"Gov. Beshear: 587 new cases of COVID-19 in Ky., 8 new deaths","FRANKFORT, Ky. (WAVE) - Kentucky governor Andy Beshear provided an update through social media on newly reported COVID-19 cases within the ...","Gov. Beshear: 587 new cases of COVID-19 in Ky., 8 new deaths FRANKFORT, Ky. (WAVE) - Kentucky governor Andy Beshear provided an update through social media on newly reported COVID-19 cases within the ...",news.google.com/./articles/CBMiS2h0dHBzOi8vd3d3LndhdmUzLmNvbS8yMDIxLzA0LzAzL2dvdi1iZXNoZWFyLW5ldy1jYXNlcy1jb3ZpZC1reS1uZXctZGVhdGhzL9IBWmh0dHBzOi8vd3d3LndhdmUzLmNvbS8yMDIxLzA0LzAzL2dvdi1iZXNoZWFyLW5ldy1jYXNlcy1jb3ZpZC1reS1uZXctZGVhdGhzLz9vdXRwdXRUeXBlPWFtcA?hl=en-US&gl=US&ceid=US%3Aen,https://lh6.googleusercontent.com/proxy/72gSFsoHqmfBnffrC-o86OvoJlDyiZAmohdYw1OWt24Cbz42DcK3khPxTxQP-qlHLpJKFASDdmqVgA0xo4ayRxvE2QWXmgobRVbybJnVCzJlQc7vUd3sYZ5EhZDqR2nGeq7VEH9EBYHVFXtlIhjMHJpO3TJ22cFil3yoFkBOdCfr6qCNUT3_TV0dwTTcsGpwSSGeGWrziEaxm0dK9ZTrZVNSrRlojuaFHqqrGHaZECKt=-p-df-h100-w100,covid19
cov8,Read these tips before getting your Covid-19 vaccine,"If you are not eligible to be vaccinated against Covid-19, you will be soon if you live in the United States.","Read these tips before getting your Covid-19 vaccine If you are not eligible to be vaccinated against Covid-19, you will be soon if you live in the United States.",news.google.com/./articles/CAIiEGsH5zH3E1ZE6SPerkSb45AqMwgEKioIACIQpzoRSNLEm6QR--MasMLSAioUCAoiEKc6EUjSxJukEfvjGrDC0gIw1anKBg?hl=en-US&gl=US&ceid=US%3Aen,https://lh3.googleusercontent.com/3tU14YtjV3XlfciQOFEbjECD_62nGBm7Q2xbjV29e60b-tRaacczB0Ef0QYZ8FonJBTiLx-68DQq_hKPA6Q=-p-df-h100-w100,covid19
cov9,Covid-19: Italy returns to strict lockdown for Easter,"The measures come as Italy battles a third wave of the pandemic, with more than 20000 new cases daily.","Covid-19: Italy returns to strict lockdown for Easter The measures come as Italy battles a third wave of the pandemic, with more than 20000 new cases daily.",news.google.com/./articles/CBMiLmh0dHBzOi8vd3d3LmJiYy5jb20vbmV3cy93b3JsZC1ldXJvcGUtNTY2MjEzNDLSATJodHRwczovL3d3dy5iYmMuY29tL25ld3MvYW1wL3dvcmxkLWV1cm9wZS01NjYyMTM0Mg?hl=en-US&gl=US&ceid=US%3Aen,https://lh6.googleusercontent.com/proxy/pufw76j7hg3LALl28RJ7V5GDNb8jGDa8FjiJUmUnOBteXR0-o4bvECH8uTb2guXmLQiFXZXqvAHrUINaLV_sExVckYuLgq4qBolQflAXjLHfRYzs3Se0Nt9Ui_JP7aSZV2W9crk8yEnqEXfYGsfZ3EUWiGvJBbVZ7xvJA9hylVAdzT8YxL3FrwwS5Zk=-p-df-h100-w100,covid19
ed1,The future of education after COVID-19,How can North Carolina education move forward after COVID-19? Ross Danis of MeckEd explores in this piece.,The future of education after COVID-19 How can North Carolina education move forward after COVID-19? Ross Danis of MeckEd explores in this piece.,news.google.com/./articles/CBMiPGh0dHBzOi8vd3d3LmVkbmMub3JnL3BlcnNwZWN0aXZlLWxldHMtZ28tZm9yd2FyZC10by1lZHVjYXRlL9IBAA?hl=en-US&gl=US&ceid=US%3Aen,https://lh6.googleusercontent.com/proxy/Qg4-2Fu5gXIqUpxxCcyPMgNqtSqV83JJCFbAjawmjkdJ0Mawe7eDE-pBkYq8-g2ijnfKy8et01Mgf6uiOqh1egUIQvheCu6D42kor1YQ_BliXH57E3Gk0ycOjvXsuISgSpHivHsxunB1OS8d=-p-df-h100-w100,education
ed2,President Kerry Walk Elected to Board of Trustees of Higher Education Policy Commission,Marymount Manhattan College President Kerry Walk has been elected to the Board of Trustees of the Commission on Independent Colleges and Universities ...,President Kerry Walk Elected to Board of Trustees of Higher Education Policy Commission Marymount Manhattan College President Kerry Walk has been elected to the Board of Trustees of the Commission on Independent Colleges and Universities ...,news.google.com/./articles/CBMiVGh0dHBzOi8vd3d3Lm1tbS5lZHUvbGl2ZS9uZXdzLzQxMDgtcHJlc2lkZW50LWtlcnJ5LXdhbGstZWxlY3RlZC10by1ib2FyZC1vZi10cnVzdGVlc9IBAA?hl=en-US&gl=US&ceid=US%3Aen,https://lh5.googleusercontent.com/proxy/g-K17Wu7tX9hSTQwtruoVSGTOCckMWh4esNauGmtSKtzrpAePKyg0U5VeopmSuHEe1N7dVJvM8L4FdXhx3Jcg_hKbj_VjhdopZTmo39BfqXqHthyEaK3QqnYuh6uqcvdiQqlhiDKXiSiH5Mt3fCs5AY953mDeF9OMb0skEeLC6NsYPUDke_6=-p-df-h100-w100,education
ed3,A closer look at Oklahoma's move to alter education funding,Two education measures finalized this week mark a win for those who subscribe to the philosophy that public tax dollars should follow students to the school of ...,A closer look at Oklahoma's move to alter education funding Two education measures finalized this week mark a win for those who subscribe to the philosophy that public tax dollars should follow students to the school of ...,news.google.com/./articles/CBMiiwFodHRwczovL3d3dy5zd29rbmV3cy5jb20vbmV3cy9hLWNsb3Nlci1sb29rLWF0LW9rbGFob21hLXMtbW92ZS10by1hbHRlci1lZHVjYXRpb24tZnVuZGluZy9hcnRpY2xlX2RjMmViNjU0LTUzODctNTg3MS05MGJkLTNjMTNmNWZjMzdiZC5odG1s0gEA?hl=en-US&gl=US&ceid=US%3Aen,https://lh4.googleusercontent.com/proxy/dZ9wFvZSCdldC3h67sfTOLlXacQnoj6UNmMMdMGE0cPayErbb6afE4PlAG1dbHxurLGmI4dn1W0h67mJmWiEZVy6QyJDWXlgUc1Zlo5T0sFdRnhh1zKZVrqtHCNCV5fMTZ3LL2ioLSu3c8v6xs81b3uzx9lXVqjEpM9GWHuTV1MUowXvEKQo7ydikyGIRMNBhcITO39Q_xW2UJu7GAPqQ2ZLvJ8cAw5xk-06aj54Svu6l18PHjpHgkgUMjX5PKXnfwqCdvYCCFZc2EM=-p-df-h100-w100,education
ed4,Headwaters Academy offers another education alternative this fall,"South River Baptist Church is used to educating those in the Christian faith, but that education will expand this fall as the church plans to start Headwaters ...","Headwaters Academy offers another education alternative this fall South River Baptist Church is used to educating those in the Christian faith, but that education will expand this fall as the church plans to start Headwaters ...",news.google.com/./articles/CBMilgFodHRwczovL3N0YXRlc3ZpbGxlLmNvbS9uZXdzL2xvY2FsL2hlYWR3YXRlcnMtYWNhZGVteS1vZmZlcnMtYW5vdGhlci1lZHVjYXRpb24tYWx0ZXJuYXRpdmUtdGhpcy1mYWxsL2FydGljbGVfOWVmZjQyMjQtOTE2My0xMWViLTkyZTgtMzc1ZDgzNjdjYWZhLmh0bWzSAZoBaHR0cHM6Ly9zdGF0ZXN2aWxsZS5jb20vbmV3cy9sb2NhbC9oZWFkd2F0ZXJzLWFjYWRlbXktb2ZmZXJzLWFub3RoZXItZWR1Y2F0aW9uLWFsdGVybmF0aXZlLXRoaXMtZmFsbC9hcnRpY2xlXzllZmY0MjI0LTkxNjMtMTFlYi05MmU4LTM3NWQ4MzY3Y2FmYS5hbXAuaHRtbA?hl=en-US&gl=US&ceid=US%3Aen,https://lh4.googleusercontent.com/proxy/WEuGPsyCFbFM3ZGATIh89zalUDPkpF-ZeRC6tmFuFSVXjLuTbmiNvV_qAnNgUuf09vYUdwrQSLFLH8AzROupexfbDLpOD6jOj8ZLNJYfytQ4S4zd8RqNkpY7s3PqYrTm8xk8qBEK0mi59R5yPSMmwRXZX-ZZeLVQlUIr0lMOSoEst-4y8sxCXVo6s7BwtkBlOWBWfgEzcuVAtdgFrfBcTkfOhaqkbF4NEVY_lEMiXENIdB7f4pDKxVc0lhFiLq6YFINb4hfKzhpDZKIEfQVv0PjNRSvPCw0h5ysrvng91MHZm3B4VYCfZXzaxB6ZWLtaBn3iwo14bhXENmcnrJI=-p-df-h100-w100,education
ed5,Local education advocate wins award for activism,The award is the result of years of work on behalf of equity of education for Juneau's children.,Local education advocate wins award for activism The award is the result of years of work on behalf of equity of education for Juneau's children.,news.google.com/./articles/CBMiU2h0dHBzOi8vd3d3Lmp1bmVhdWVtcGlyZS5jb20vbmV3cy9sb2NhbC1lZHVjYXRpb24tYWR2b2NhdGUtd2lucy1hd2FyZC1mb3ItYWN0aXZpc20v0gEA?hl=en-US&gl=US&ceid=US%3Aen,https://lh6.googleusercontent.com/proxy/yXbqwqOl1-X5UHoGQ41zn5qqPCy4jrAepuIHi38kWd1iiqKiWADPEPB6PRZcrvI50fdkOHptMypbKcL8v3roPDdfM-ySV-SNIXrZNKawkqHNYVdXeiAgGnIs6OZmQScMyOOABKnPPYg7vAl2jsfyB75uJKt57956NHEaLw=-p-df-h100-w100,education
ed6,REPORT: Youngsville Police investigating alleged abuse of Southside High special education students,"Youngsville Police are investigating alleged physical abuse of special education students at Southside High School, following a written complaint by a former ...","REPORT: Youngsville Police investigating alleged abuse of Southside High special education students Youngsville Police are investigating alleged physical abuse of special education students at Southside High School, following a written complaint by a former ...",news.google.com/./articles/CBMifmh0dHBzOi8vd3d3LmtsZnkuY29tL2xvY2FsL3JlcG9ydC15b3VuZ3N2aWxsZS1wb2xpY2UtaW52ZXN0aWdhdGluZy1hbGxlZ2VkLWFidXNlLW9mLXNvdXRoc2lkZS1oaWdoLXNwZWNpYWwtZWR1Y2F0aW9uLXN0dWRlbnRzL9IBggFodHRwczovL3d3dy5rbGZ5LmNvbS9sb2NhbC9yZXBvcnQteW91bmdzdmlsbGUtcG9saWNlLWludmVzdGlnYXRpbmctYWxsZWdlZC1hYnVzZS1vZi1zb3V0aHNpZGUtaGlnaC1zcGVjaWFsLWVkdWNhdGlvbi1zdHVkZW50cy9hbXAv?hl=en-US&gl=US&ceid=US%3Aen,https://lh6.googleusercontent.com/proxy/v6M_lhbQIC7H34vTvBO0mzdgZNsIroqs5C_GPWL_z-COXZ3NaT--kGLGMJJfWtJFBqiMB3CrBMBrMhrEDVBIAK9M8IoV7qOqlgYqhqnVNWMFBqf7A3BXzEeYFU1F4Lgx=-p-df-h100-w100,education
ed7,Music education in NC during COVID-19 - EducationNC,What did it look like to teach music during the COVID-19 pandemic? Educators had to get creative and persevere for their students.,Music education in NC during COVID-19 - EducationNC What did it look like to teach music during the COVID-19 pandemic? Educators had to get creative and persevere for their students.,news.google.com/./articles/CBMiQWh0dHBzOi8vd3d3LmVkbmMub3JnL3BlcnNwZWN0aXZlLW11c2ljLWVkdWNhdGlvbi1kdXJpbmctY292aWQtMTkv0gEA?hl=en-US&gl=US&ceid=US%3Aen,https://lh4.googleusercontent.com/proxy/3Ch0ysEQ5t238Ei9ptYq7ClMZcjUaCcfxK2PbdzZ7za0QlTCHuQKnAcPagjOP_jJWq97YmhJ97lHxUABKKl59jHcpHur_qk3u2AeBXH0K-mTdOeHMBSrisg1Js4-hM16CgLl04sTe5u2alxJNXWWy8GHZg=-p-df-h100-w100,education
ed8,A Closer Look at Oklahoma's Move to Alter Education Funding and Make Student Transfers Easier,Two education measures finalized this week mark a win for those who subscribe to the philosophy that public tax dollars should follow students to the school of ...,A Closer Look at Oklahoma's Move to Alter Education Funding and Make Student Transfers Easier Two education measures finalized this week mark a win for those who subscribe to the philosophy that public tax dollars should follow students to the school of ...,news.google.com/./articles/CBMic2h0dHBzOi8vb2tsYWhvbWF3YXRjaC5vcmcvMjAyMS8wNC8wMS9hLWNsb3Nlci1sb29rLWF0LXRoZS1tb3N0LXRyYW5zZm9ybWF0aXZlLWVkdWNhdGlvbi1yZWZvcm0taW4tb2tsYWhvbWEtaGlzdG9yeS_SAQA?hl=en-US&gl=US&ceid=US%3Aen,https://lh6.googleusercontent.com/proxy/uJtzdtRiTWLf91GRvAUj7knuqBG1IXe_mpaW-mBaKs8dX6uYdj8sK5gOpe65Tyz4u-pWLF7syzDYeuDKEn0rDdOTcQ9yj6S1aIH0MBU7PcwXHYTipOwIvtGOkhRa2bfv1T8AtMaeQ7fIB_5DWXNzAxj8AcGgxEGlwrbmCT2VlAIrpuv2QFnW6Q5cpQ=-p-df-h100-w100,education
ed9,OKCPS Board taking legal action against State Board of Education,OKLAHOMA CITY (KOKH) - The OKCPS Board of Education has approved a resolution supporting legal action against the Oklahoma State Board of Education.,OKCPS Board taking legal action against State Board of Education OKLAHOMA CITY (KOKH) - The OKCPS Board of Education has approved a resolution supporting legal action against the Oklahoma State Board of Education.,news.google.com/./articles/CBMiYmh0dHBzOi8va3R1bC5jb20vbmV3c2xldHRlci1kYWlseS9va2Nwcy1ib2FyZC10YWtpbmctbGVnYWwtYWN0aW9uLWFnYWluc3Qtc3RhdGUtYm9hcmQtb2YtZWR1Y2F0aW9u0gFmaHR0cHM6Ly9rdHVsLmNvbS9hbXAvbmV3c2xldHRlci1kYWlseS9va2Nwcy1ib2FyZC10YWtpbmctbGVnYWwtYWN0aW9uLWFnYWluc3Qtc3RhdGUtYm9hcmQtb2YtZWR1Y2F0aW9u?hl=en-US&gl=US&ceid=US%3Aen,https://lh5.googleusercontent.com/proxy/Dz7kprxnEkKodgVHvETMelK7ureeHFf6r4f7uOYHCtOfJgyB7q82ar4UxlEg_Dfhvr8wsxyEqhKFRzkxZrV4lGTfl4NwviEsEvw7Z9Xcb_3cQ130oyrX0ZCzjp--TjyMc1gTO43tH2yPH6bzAAOpkfH5GpB5sY4maKOaPs8fMrwqw15V7-uI98CmUbaDM6pGg8HK5t-FZ7LMHLf2uFdQSVjJoqEV_HT7VhswJhZLrQ=-p-df-h100-w100,education
ent1,Best Bets for the Break: A quick guide to online entertainment and virtual experiences,The La Jolla Light presents this continuing series of online activities to undertake on your computer or tablet during your quarantine quandary.,Best Bets for the Break: A quick guide to online entertainment and virtual experiences The La Jolla Light presents this continuing series of online activities to undertake on your computer or tablet during your quarantine quandary.,news.google.com/./articles/CBMikwFodHRwczovL3d3dy5kZWxtYXJ0aW1lcy5uZXQvbGlmZXN0eWxlL2V2ZW50cy9zdG9yeS8yMDIxLTA0LTAxL2Jlc3QtYmV0cy1mb3ItdGhlLWJyZWFrLWEtcXVpY2stZ3VpZGUtdG8tb25saW5lLWVudGVydGFpbm1lbnQtYW5kLXZpcnR1YWwtZXhwZXJpZW5jZXPSAQA?hl=en-US&gl=US&ceid=US%3Aen,https://lh4.googleusercontent.com/proxy/Shwmj7MjhymCEnw5eNH0YKG66rHh147Et7vIEOcNkiuVeg38R0FiAtVRH7XdSkAg5ejR0Z0lVa63G6omSX2DYGIhgcWXUxHZ7s0sCv989cWDb0JRydQCogaczfi5_OlMZgmZGTaUtaQhBIdW-k4-7AWMFO-PCi2NvVDMVERSbThD24YRldhDxfKyPL2Ele-mQqsPPVF-o7sGwPdwczSO1priB6czqXJmIBm6PgzuDqJZBEukvY363giEwSr3Ht56lF34UA1J1LiKgyO2e6mrPq1Vj6vxiVc3ZgyaIigiaG15hxl4zHJIZo9589v1jFANI6WpiU-BJY3LVQoLoN4leEQwK-94WCMtPKIRJp325i4Uvkr8gHd6ng=-p-df-h100-w100,entertainment
ent2,Mayor Proposes 12 Point Plan to Change Character of Miami Beach's Entertainment District,Miami Beach Mayor Dan Gelber is making another push to change the character of the South Beach Entertainment District away from what he calls the ‚Äúanything ...,Mayor Proposes 12 Point Plan to Change Character of Miami Beach's Entertainment District Miami Beach Mayor Dan Gelber is making another push to change the character of the South Beach Entertainment District away from what he calls the ‚Äúanything ...,news.google.com/./articles/CBMigQFodHRwczovL3d3dy5yZW1pYW1pYmVhY2guY29tL3NvdXRoLWJlYWNoL21heW9yLXByb3Bvc2VzLTEyLXBvaW50LXBsYW4tdG8tY2hhbmdlLWNoYXJhY3Rlci1vZi1taWFtaS1iZWFjaHMtZW50ZXJ0YWlubWVudC1kaXN0cmljdC_SAQA?hl=en-US&gl=US&ceid=US%3Aen,https://lh3.googleusercontent.com/proxy/KJ-BmZ1v7xvod1_CUH9GQb2aQULnpM7A7xEvubFtV2fAV1Y6ycM7c1sKz-Yq43T232ZYyebYeLXkD6rriHEpwiBj7oKTNRhdFhmmOEo3xCRUV-O_Qqs6oPv0Rf6ZuGXpWSPMme1Neymmg3nqbZBHchJGCBH_ppOthpDTO4ZB9jQ6RCGuKrPFb32ros9Lpsxha1-7SxtRnCttQOn796PypiisUcDhi5YaAwOwXHwex3NN2A=-p-df-h100-w100,entertainment
ent3,Performing arts and entertainment venues can reopen at 33 percent capacity,"Apr 3, 2021. Performing arts and entertainment venues can reopen at 33 percent capacity. Governor Andrew M. Cuomo announced that performing arts and ...","Performing arts and entertainment venues can reopen at 33 percent capacity Apr 3, 2021. Performing arts and entertainment venues can reopen at 33 percent capacity. Governor Andrew M. Cuomo announced that performing arts and ...",news.google.com/./articles/CBMiZWh0dHBzOi8vbXlsaXR0bGVmYWxscy5jb20vcGVyZm9ybWluZy1hcnRzLWFuZC1lbnRlcnRhaW5tZW50LXZlbnVlcy1jYW4tcmVvcGVuLWF0LTMzLXBlcmNlbnQtY2FwYWNpdHkv0gFpaHR0cHM6Ly9teWxpdHRsZWZhbGxzLmNvbS9wZXJmb3JtaW5nLWFydHMtYW5kLWVudGVydGFpbm1lbnQtdmVudWVzLWNhbi1yZW9wZW4tYXQtMzMtcGVyY2VudC1jYXBhY2l0eS9hbXAv?hl=en-US&gl=US&ceid=US%3Aen,https://lh5.googleusercontent.com/proxy/LsSPhEuUK9jGpIFIH4FquccG62BajPerYi7e5wNsPQs3MJzN8tTrIHwvvKIXTpUOXsdFcma0MvRWWaoblFfebKqUTxdFhKxFG1WcCHu6o-36ZAxYeX1T02J61pp_axufpanrnhEVk79jcgSY6z6OTBdbDvucqMbNp1wuaY0GB13JfJ-Uq77J3udMPGv2wg6pbG5AmNJbISNVpJAPjyPpkCWik5kjS5S9YQSytNBgPQ=-p-df-h100-w100,entertainment
ent4,Today's events for April 4 | Entertainment | postandcourier.com,"First Christian Church (DOC), 900 Kerr Drive S.W., will hold Good Friday services at noon today, and Easter services will be held in the church garden at 8 a.m. ...","Today's events for April 4 | Entertainment | postandcourier.com First Christian Church (DOC), 900 Kerr Drive S.W., will hold Good Friday services at noon today, and Easter services will be held in the church garden at 8 a.m. ...",news.google.com/./articles/CBMihgFodHRwczovL3d3dy5wb3N0YW5kY291cmllci5jb20vYWlrZW5zdGFuZGFyZC9lbnRlcnRhaW5tZW50L3RvZGF5cy1ldmVudHMtZm9yLWFwcmlsLTQvYXJ0aWNsZV8xODhkZjVjYy05M2ZkLTExZWItYmVlYi04NzJjN2FmOTkyYzYuaHRtbNIBAA?hl=en-US&gl=US&ceid=US%3Aen,https://lh4.googleusercontent.com/proxy/q9R8f73WIpXMFLZaRmj7ECTwNapWFrq4zjoQPEs1AHXuLdeu3pmw_vjjl2osxBQ0tCT8jecmOY9wIgA-VLoHgPRtlnAciVCO63bluVJRG37xjVpcooTjrI3bQSYWin-6FxXxRxoZtLvgZOxzc-fl_5r2GUTCzarBQw8HDc7J6wVHEk2mGSwtQJqbXHD5i_qjfnY3q8oljnai1uOGwwxpONCi3p5WbpkXsygCb91nC8QF0zF3ybx0kAYIWKkOaNcbhEBHyb4qDpph6u7E2ssIHQ=-p-df-h100-w100,entertainment
ent5,Live entertainment venues excited to welcome guests back April 15,"For the owner and operator of Harlow's in Sacramento, it has been a long and quiet 13 months.","Live entertainment venues excited to welcome guests back April 15 For the owner and operator of Harlow's in Sacramento, it has been a long and quiet 13 months.",news.google.com/./articles/CAIiEKy7l85V_DN7GBCd4LKNt5cqGQgEKhAIACoHCAowsYv_CjCKhPgCMKjF5AU?hl=en-US&gl=US&ceid=US%3Aen,https://lh3.googleusercontent.com/tNiV-JUCZ4s1FfS1RAR8yaZ-bxUiSqEgMWP2zLwxuk2X8AiM21jidtv-irdQGWxBNIOjcWMUiYnso1ccVA0=-p-df-h100-w100,entertainment
ent6,Local entertainment in Murfreesboro | Community | murfreesboropost.com,We'll keep you connected to all the updated local news and information about what's happening in Murfreesboro and Rutherford County! Click Here to ...,Local entertainment in Murfreesboro | Community | murfreesboropost.com We'll keep you connected to all the updated local news and information about what's happening in Murfreesboro and Rutherford County! Click Here to ...,news.google.com/./articles/CBMigAFodHRwczovL3d3dy5tdXJmcmVlc2Jvcm9wb3N0LmNvbS9jb21tdW5pdHkvbG9jYWwtZW50ZXJ0YWlubWVudC1pbi1tdXJmcmVlc2Jvcm8vYXJ0aWNsZV8wYTIzMTU4MC05MzZjLTExZWItYmRkNy0xYmYzZWUyMzA5OGMuaHRtbNIBAA?hl=en-US&gl=US&ceid=US%3Aen,https://lh6.googleusercontent.com/proxy/c_iKmVhuKkVg7datEHa7aqW9seBENyYHyNbGSw4WASPq65ucYpAjrvzuZDTv1yoAvZQP9U4N5uANhb4Szf03dTn11Z40W4JzZgIWgh43VJIOBL1P9JxrdwA08gMQDYN1QCDXydks5_B5YbQv-UOPTcmNfV22nou33YFSQkKKdQuyUGLj_eaaLq00ArAWVCypSVvlePN54d3VdKUxcKrVnU9UdL74-z9O5-THP3LnWKPlE2sSF3R2wPj_h523Ku7t7w=-p-df-h100-w100,entertainment
ent7,Benedict Cumberbatch worries he was 'patient zero' | Entertainment | elkharttruth.com,"Benedict Cumberbatch worries he might have been ""patient zero"" and spread the coronavirus pandemic around the world.","Benedict Cumberbatch worries he was 'patient zero' | Entertainment | elkharttruth.com Benedict Cumberbatch worries he might have been ""patient zero"" and spread the coronavirus pandemic around the world.",news.google.com/./articles/CBMimAFodHRwczovL3d3dy5lbGtoYXJ0dHJ1dGguY29tL2xpZmVzdHlsZXMvZW50ZXJ0YWlubWVudC9iZW5lZGljdC1jdW1iZXJiYXRjaC13b3JyaWVzLWhlLXdhcy1wYXRpZW50LXplcm8vYXJ0aWNsZV8yNzFhY2YzYS1iNzBlLTU0ZmQtYjYwMS05YjA5ZmVkOTE4NTMuaHRtbNIBAA?hl=en-US&gl=US&ceid=US%3Aen,https://lh6.googleusercontent.com/proxy/m474z1zJEu61a3V6SEby3IeN9N3TaRsM8nXn4JDaC7vwsMtismG8RB-d7TsfUpxWBInMd0G8_naRJlli3Gr_RTsudtY5L2dCEapTK8yI8q3C1IXn84_zxPI-QKtWZqBAVIeIZjw_UxJXZnKp5h-H-OmRsmZ-sQ5cIiCFTkGBFeQ_fnDmwGutMGMGwl_nednFP-2nPGLFuLcYdyV0-k-lWfUyVDIm6nuYid8X9qEbhyKbqiOFwWIUcSz3jswV=-p-df-h100-w100,entertainment
ent8,Out & About | Arts & Entertainment | timesnews.net,The Kingsport Art Guild will host the 55th Appalachian Art Show April 5 through May 17 in the Main Gallery on the second floor of the Renaissance Center in ...,Out & About | Arts & Entertainment | timesnews.net The Kingsport Art Guild will host the 55th Appalachian Art Show April 5 through May 17 in the Main Gallery on the second floor of the Renaissance Center in ...,news.google.com/./articles/CBMib2h0dHBzOi8vd3d3LnRpbWVzbmV3cy5uZXQvbGl2aW5nL2FydHMtZW50ZXJ0YWlubWVudC9vdXQtYWJvdXQvYXJ0aWNsZV8yZDQyOGMyNC04Y2I2LTExZWItYjQyMS02ZjNkZjcyNTdjNWUuaHRtbNIBAA?hl=en-US&gl=US&ceid=US%3Aen,https://lh3.googleusercontent.com/proxy/oLYK9aMjF4jUxiR-ETX1NVJ_Aq8ky-U4dcCwu9QxUgCbYx3hP9TDhUsTXb5Rrl_lpTQDjJdX4dIHjBiKfIFwYlAfuQEcpZJdIh-rZi1BR2gehffwrv3DbHhb15yMuc13ure4RsXOjdsuBtv818Ev32fGiwW7JQQsZfougPmGZgVu62fv9YAkRL2TzD2AFajWpUB5tkNlSEE3RH1PdvrkEtTajPlRspwDc8b4rz1QEIC-QzWJvD1lQLp_eoQ66CI_LfTuNLpVNdsIlsla=-p-df-h100-w100,entertainment
ent9,Sports & Entertainment Spotlight - April 2021 | Foster Garvey PC - JDSupra,"March is over, a new month begins. Congrats on the Final Four to the Zags, Cougars, Bears and Bruins. Opening Day is upon us, it's time to play ball, And battle ...","Sports & Entertainment Spotlight - April 2021 | Foster Garvey PC - JDSupra March is over, a new month begins. Congrats on the Final Four to the Zags, Cougars, Bears and Bruins. Opening Day is upon us, it's time to play ball, And battle ...",news.google.com/./articles/CBMiT2h0dHBzOi8vd3d3Lmpkc3VwcmEuY29tL2xlZ2FsbmV3cy9zcG9ydHMtZW50ZXJ0YWlubWVudC1zcG90bGlnaHQtYXByaWwtNDIyNDA2OS_SAQA?hl=en-US&gl=US&ceid=US%3Aen,https://lh5.googleusercontent.com/proxy/RrURKQd-k6RUrcC-GzZk0V8y_rpb4CaDKoAXdXofmJb1A7OXip8BcjDVDw_yOPahig7IMj2ANJFDDd4w4kaHC1gspOA96FRaVu6MCq2afUpyT4Ui4TEfY2W93pabfHLiERW0=-p-df-h100-w100,entertainment
